{
  "accuracy": 0.3678815489749431,
  "f1": 0.17929503191784624,
  "precision": 0.1226271829916477,
  "recall": 0.3333333333333333,
  "confusion_matrix": [
    [
      646,
      0,
      0
    ],
    [
      590,
      0,
      0
    ],
    [
      520,
      0,
      0
    ]
  ]
}
