{
  "accuracy": 0.8234624145785877,
  "f1": 0.822308733163129,
  "precision": 0.822217757157432,
  "recall": 0.8229310381944585,
  "confusion_matrix": [
    [
      572,
      71,
      3
    ],
    [
      89,
      427,
      74
    ],
    [
      10,
      63,
      447
    ]
  ]
}
