{
  "accuracy": 0.8433940774487472,
  "f1": 0.8415634988750736,
  "precision": 0.8413896200276226,
  "recall": 0.8429591118681742,
  "confusion_matrix": [
    [
      587,
      56,
      3
    ],
    [
      83,
      434,
      73
    ],
    [
      5,
      55,
      460
    ]
  ]
}
