{
  "accuracy": 0.8627562642369021,
  "f1": 0.8698225550266897,
  "precision": 0.8749106428664439,
  "recall": 0.8722656591628623,
  "confusion_matrix": [
    [
      474,
      172,
      0
    ],
    [
      69,
      521,
      0
    ],
    [
      0,
      0,
      520
    ]
  ]
}