{
  "accuracy": 0.9960136674259681,
  "f1": 0.9962174246353993,
  "precision": 0.9961526256297552,
  "recall": 0.9962900771370101,
  "confusion_matrix": [
    [
      641,
      5,
      0
    ],
    [
      2,
      588,
      0
    ],
    [
      0,
      0,
      520
    ]
  ]
}